date,USA_Y002p0,USA_Y005p0,USA_Y010p0,USA_Y030p0,DEU_Y002p0,DEU_Y005p0,DEU_Y010p0,DEU_Y030p0,ITA_Y002p0,ITA_Y005p0,ITA_Y010p0,ITA_Y030p0,EURUSD,GBPUSD
2018-01-01,1.5187170667720218,1.8335975470038517,2.13496405318026,2.4125325839566094,0.5405855048053901,0.7456945045250954,0.9662306362816979,1.253644195376247,2.1619235494362252,2.5728936350015985,2.8932347118636916,3.2157455772918833,1.0946327564665506,1.2998209795797022
2018-01-02,1.509398319361205,1.8166790942612954,2.096966826794613,2.432639551559154,0.5586678771660706,0.7228957182189225,0.9563240916688331,1.244525482954269,2.1694534080721004,2.53620424020563,2.890890108488689,3.222493151110302,1.0915631681978921,1.3005596690299128
2018-01-03,1.5100547226347767,1.8294213509175443,2.1224740614879307,2.42291600705784,0.5540643142671784,0.6855101134388722,0.9180332867890809,1.2577449218039558,2.1849949682652037,2.511196001051426,2.875504840307969,3.2373804979616887,1.0924206162947068,1.2978276186646445
2018-01-04,1.518205048294707,1.8320338104627893,2.1228612880379156,2.4275056022687598,0.5739629884560424,0.6498938124161857,0.9201986710059967,1.2427044374923206,2.2079783611684305,2.4914790847830868,2.8760345952745308,3.2045946933166976,1.0940048569362588,1.3021019033016774
2018-01-05,1.502426587722192,1.830517533136671,2.137588847370885,2.4144097649271603,0.5653411653352197,0.6591559701001692,0.9376835604906223,1.242845391274473,2.230499831351906,2.4792544684057174,2.879273101024364,3.2003758162904505,1.0914034211785224,1.3023232316353985
2018-01-08,1.502467899180311,1.8461435693576809,2.1141305160852815,2.398677654463388,0.5524809687051804,0.6356231883024395,0.9128289196494903,1.2739260952027849,2.2339096476489173,2.4781893805486908,2.8809727306337862,3.1652416339046394,1.0916266753085437,1.3016370492927085
2018-01-09,1.5024500914631524,1.8559160776755346,2.1398945872604496,2.400267588874788,0.5411065708133997,0.6581589275612718,0.9046410871151008,1.3118088172731583,2.247699634202557,2.471509734493051,2.8826489421361416,3.1933272466713882,1.0948870428780695,1.3046854057154282
2018-01-10,1.467355605336244,1.8631598776945564,2.1281293311392036,2.4107360200561807,0.5382895547557196,0.6866042634096448,0.9311560255371193,1.277636224549945,2.224798073268191,2.4419016552396275,2.8717597501115826,3.1844643746271744,1.0952220416196592,1.305989969507526
2018-01-11,1.4877087654495138,1.8824438873823846,2.1259759896697368,2.399470162881754,0.5318213222828395,0.6808961933355485,0.9293866921748833,1.2916375718231865,2.237670315562624,2.4382678500882276,2.880743805756516,3.152933763675326,1.0946181458485793,1.3076557218728275
2018-01-12,1.499718735767905,1.8881166158590803,2.0979474962751894,2.3551967676487857,0.5349082220113908,0.7140646890009965,0.9046017514454658,1.3306098228033574,2.251356615092115,2.4577225801417937,2.9018909562894986,3.1388951292754257,1.0958511445194488,1.3099821668780567
2018-01-15,1.4872101562885698,1.875778176877271,2.0946085015405576,2.3669124645024695,0.5226070511273465,0.7186086825330668,0.8782765385637734,1.3197030425867509,2.2435795304576205,2.4766867947376046,2.889481866291571,3.165121566968355,1.096916017637623,1.305838967015868
2018-01-16,1.4837791910646552,1.8685325323088764,2.0900124228867423,2.334981308237107,0.5379009732282358,0.7411077741785269,0.8379835885716668,1.3248828551683738,2.228104573521654,2.479379840407701,2.888313860391422,3.194872656751766,1.0970871697995184,1.3091776285749648
2018-01-17,1.4938851785485903,1.8581130856027903,2.086305212103708,2.337421280701783,0.5583203582443053,0.7365936473567698,0.8534494820741559,1.3550276659575833,2.2269294271697433,2.4917675825423142,2.8895278210862854,3.2202849298476024,1.0960263672719084,1.308483005331262
2018-01-18,1.4886580502447573,1.8623075267423221,2.095075306958824,2.373001805326272,0.5484031196720225,0.7557770637482321,0.838527043639637,1.3451772490188458,2.202660364870075,2.5096127706505285,2.9146028065898557,3.2045978714532635,1.095187754570784,1.3090539795734448
2018-01-19,1.4838030686713064,1.840747828857308,2.096282223916194,2.3726652144201705,0.5198596244660793,0.7369107200912952,0.8595406551332055,1.3542177311600545,2.209477978665699,2.5368458222475203,2.936189554606521,3.2015522900953566,1.0953786307117386,1.3108996181724715
2018-01-22,1.4547382404214906,1.8040993095227367,2.115797876418096,2.348870214326999,0.5343370891700686,0.7493643698966252,0.8768812338444063,1.3530336010343915,2.2153720018343392,2.570774832807611,2.9215885930843366,3.2342472946998018,1.0942903270345443,1.3094750090512999
2018-01-23,1.4658298466593285,1.8058624080147045,2.106434712705068,2.3196466333946337,0.5571082214567054,0.7401800289641961,0.8636806388052827,1.3145262673281342,2.196400649510677,2.564369269235133,2.923035683374354,3.2196155844528307,1.096966902722885,1.3101108213818167
2018-01-24,1.4683074647650691,1.7791319970155905,2.0865143945307807,2.343055863901517,0.5538432535730089,0.7375688330238398,0.8531215620684003,1.3214486946342425,2.1973520015688175,2.558936125028471,2.8931560377379224,3.2129216005301586,1.0987632233121791,1.311636558468331
2018-01-25,1.4737966632402684,1.740092435044688,2.0861322666983795,2.3427168939912706,0.5281129124241656,0.7502032043704443,0.8686942462599767,1.3177662981273146,2.2187062551238528,2.5883921044151457,2.873846226982873,3.1938445665608874,1.100948985451033,1.3115528688119162
2018-01-26,1.4432661726028717,1.747559050721022,2.0986996274244554,2.3535116638301115,0.5334481307784276,0.7536574383898558,0.8716828001859499,1.3363289236747287,2.239958458547123,2.6196135227627466,2.8741466936951463,3.170563100228948,1.1050148304084693,1.3125421501647554
2018-01-29,1.4762801664266012,1.733337986798551,2.1235924628838116,2.3720376997889705,0.5639414933585826,0.7521699390461063,0.8770393897628663,1.3781966676058013,2.2601692785434646,2.6504266611633747,2.8867454516783346,3.194687517322055,1.1081836002751488,1.309330296015959
2018-01-30,1.4793668771357282,1.7432604952433326,2.1398708915950904,2.371057653912199,0.5264149614379727,0.7667255221971583,0.8440975828728545,1.3918744974716737,2.257162079168662,2.6035554825343383,2.905833357385635,3.2073011285583966,1.1110303906094374,1.3069460929262429
2018-01-31,1.4716240782700005,1.7326434202048397,2.104562078241924,2.3648855691394517,0.5359734753511568,0.7827896470880087,0.8620518247779392,1.3845265502387367,2.2503994119864754,2.599161694714756,2.899617378210095,3.2162936847959025,1.1117826184244883,1.3046457206184148
2018-02-01,1.5122055226852227,1.7102041724407282,2.1121032454031283,2.345938615195784,0.5297007845784659,0.7550895060254093,0.8445453100506444,1.3935295698115182,2.242582154270173,2.5340513899776487,2.872558495117761,3.227886831221172,1.1114066616905087,1.3053879173947984
2018-02-02,1.51129780208801,1.6853338221636078,2.141310680861553,2.284288519881431,0.5125873088908351,0.7662683933403073,0.7991552228216716,1.397565201458977,2.2544357485042443,2.5486501083741557,2.8804962401749132,3.2483131383707686,1.1160180795958332,1.3128736997005732
2018-02-05,1.4822842281050783,1.6750352777095336,2.1425622081884867,2.253928510002202,0.5225512997776761,0.7796884144487375,0.7868167177575124,1.418024807565346,2.301473094514441,2.54976242205942,2.877035428571535,3.278520397739707,1.1146798894406529,1.3133993564033146
2018-02-06,1.4741796709965247,1.669567621584618,2.132241358185646,2.2525366398670674,0.4965747020985082,0.7646540255562496,0.7952566425742356,1.3892490516885716,2.3295731786576166,2.550806011926977,2.8855146307976565,3.2783764535717634,1.1134499690333959,1.3131036161079424
2018-02-07,1.4284133689570901,1.6530984199042942,2.1384245752395055,2.2490313995411286,0.5025135962859787,0.7723700418103026,0.8371991627477636,1.3659225019457697,2.3612886364111243,2.548052117015723,2.8887171141786294,3.271559591968309,1.1117200192381325,1.3129746197676218
2018-02-08,1.4494012999439552,1.6474762616480259,2.128359735555083,2.2571025970022394,0.5287787752661652,0.7458853741985003,0.8297426342625185,1.3250188513519434,2.3882867260695133,2.574119545037656,2.903031680242952,3.2510832356600368,1.1121597708134259,1.3149411893535008
2018-02-09,1.441071813573555,1.6167542157237764,2.1411419988731644,2.25456886023808,0.5323125622368945,0.774671856251092,0.803147002102677,1.3371605422436819,2.3560314277826637,2.568257410874605,2.9161242659118534,3.272729371068776,1.1130051016804912,1.3163689956944347
2018-02-12,1.4262207430694636,1.617043994623302,2.140882109444012,2.2577560104876557,0.5147861136666385,0.7699187707808087,0.8456164742783603,1.3367804088677984,2.352017042737159,2.588919694452719,2.9329962457296905,3.2624301281101014,1.115073316216475,1.3140754541004582
2018-02-13,1.4476701457009735,1.5811710197872944,2.168742112043942,2.2735119863204702,0.4791999393828554,0.768347565180212,0.8488212332395328,1.3239776513494874,2.3433641557719547,2.59999165481836,2.923813065573518,3.232538050299271,1.114631790891283,1.316109499870968
2018-02-14,1.4146486339128566,1.5772938934482097,2.1787321670137607,2.2558110875488757,0.45356077573671827,0.7922954044051147,0.8435977805699659,1.3094727123348981,2.3683557100406376,2.6071279714790476,2.943723027352099,3.2271621626915628,1.1111718199338445,1.316061637125292
2018-02-15,1.4253572210393786,1.5912397756438013,2.1642544732818476,2.2500679295657964,0.4167363331388182,0.7894405830551625,0.8220780417825837,1.2980288876814468,2.4021234259716673,2.61637988138786,2.9336624510905693,3.227649017498985,1.1118171260207246,1.3176996726671077
2018-02-16,1.3840689249769549,1.6130785516886976,2.176347098959517,2.2179236729295373,0.44872898173742465,0.8014183387023508,0.8019984819414098,1.2794725734787893,2.3888450705461812,2.6185940111316226,2.9353612069863706,3.2442991787112234,1.1137732790798633,1.3137016776478903
2018-02-19,1.3708257381836189,1.6473661566260795,2.1950673329641393,2.2373815286894,0.44373929171880283,0.7804703325116675,0.8315719354570623,1.273044541370303,2.3896182775900217,2.5967195003167634,2.972573036420227,3.26437410813113,1.1138450205430765,1.310592239073842
2018-02-20,1.346741341271624,1.6162404036891056,2.183698215868244,2.238149887108104,0.4228360111308975,0.7690752360259497,0.8261581194528226,1.2631602251887208,2.4007618082254907,2.6110438917896808,2.9797090858526962,3.249754110736543,1.1135862439427318,1.3117859248855344
2018-02-21,1.3759808538158946,1.6314149077001954,2.1751823278183413,2.2479463298507425,0.39687183691732875,0.7412260883634068,0.8154019434176155,1.2909597101806143,2.390992676815003,2.6253104596099326,2.9563864600987353,3.233749801807571,1.1147194652391212,1.308184546632681
2018-02-22,1.4113040713744813,1.6555405515825123,2.129078662346317,2.2787959928561214,0.3755269306260809,0.7370623956027104,0.805203687769719,1.2974258571484711,2.378422242772977,2.6224327734616164,2.9861950199905123,3.227187110044608,1.117592904483777,1.3089640805974976
2018-02-23,1.40471579633622,1.6751516912792717,2.147146782125626,2.3003869097652,0.36881007319002007,0.7576831041653987,0.8365610040316195,1.281055406157157,2.364873458015413,2.6370469761789965,3.0061968645588486,3.202958728178744,1.1174687564929533,1.3096403713419844
2018-02-26,1.4215304611790907,1.6565652149771468,2.13539169444663,2.299186880904826,0.34315786090218775,0.7621552678534937,0.8247727304643546,1.2693776837327166,2.3825712170855686,2.6550255556626743,3.0290063361687802,3.2007648598906866,1.1146364466851348,1.309931748012418
2018-02-27,1.4179307331540438,1.6648011515994665,2.092944705005976,2.314940587737088,0.3766840127879959,0.779840820475278,0.8373359224290627,1.2933564889327842,2.3643888521489815,2.6293949447604783,3.0329504880147833,3.2099888030388,1.1135155149503948,1.310642767643414
2018-02-28,1.4292919709006033,1.7020022650440094,2.057569271004382,2.286306505444702,0.3617362249681747,0.7593166671528749,0.8426587604243777,1.3024050358921966,2.3870952005904686,2.6265522348032966,3.0398669765873763,3.2108473141978378,1.1131916094853713,1.3111737922307012
2018-03-01,1.414235226972174,1.6720567921968774,2.0531102678754722,2.2949846943714896,0.3460845670941465,0.7416521194751726,0.8474440777587875,1.3083086877719756,2.3888322259568247,2.6176872629622094,3.03520690329392,3.178580596872597,1.1095971147431312,1.3120685920700883
2018-03-02,1.380068442908833,1.6815835462020225,2.0683234672840944,2.297762895870799,0.3522397304872556,0.732341256061884,0.8298990522177825,1.3227216219585975,2.403865574938155,2.5995840612135597,3.0212082573446306,3.1547391486747376,1.1111429540639164,1.311256032846888
2018-03-05,1.3440064697392382,1.7038293559152042,2.0665421749078936,2.2653975156868897,0.38125141761120485,0.7437927146078005,0.8430701369772602,1.3544438868947917,2.434766333169858,2.606030349300085,3.051808158326969,3.1804565377206737,1.1096145495379248,1.3112122616066835
2018-03-06,1.3516689067743883,1.689897535602032,2.0759777300904294,2.29214391624564,0.4077309385790499,0.7509212871970651,0.875242777285469,1.3300975018424157,2.4213878006490033,2.5891667970509733,3.044440944273635,3.16018959741135,1.1106366675444639,1.3170710105941215
2018-03-07,1.3966208078305424,1.7015569416677512,2.053947737555928,2.2780623727205045,0.3979745520390083,0.7506155043233563,0.8741991047787038,1.315184011445392,2.40505423678913,2.5804791529949767,3.034826980560051,3.174959137559229,1.111031686593436,1.3193447975035675
2018-03-08,1.4020090404407002,1.6801390915078538,2.0271204250144783,2.2917269471149484,0.4030831124879798,0.763068091210816,0.8558041894905059,1.2803716182208302,2.4135889241932054,2.5853871298883946,3.0259570779839104,3.187598516830426,1.110414778818563,1.3205690837370645
2018-03-09,1.391516948052683,1.663894919879219,2.0448348411478077,2.2833282484831425,0.4060690214776812,0.760040122588532,0.8299767157923029,1.2902692376695815,2.3929561378814266,2.592384132161756,3.063203943152338,3.181157522512689,1.1136758155311295,1.32135365291943
2018-03-12,1.4297573252993219,1.647553314942642,2.054677730331304,2.3031991062820647,0.4166669113078241,0.7596096332001724,0.8337910659935549,1.2826928698459834,2.3783556208373215,2.5988150560146828,3.0807666631904547,3.1612182284926136,1.112557421347333,1.319898503475083
2018-03-13,1.4345033622320658,1.6513994689190206,2.054067553332476,2.3294443415520565,0.42178100398826407,0.7857063297859759,0.8283513849866502,1.2692558486230674,2.3760861238752193,2.643493220590075,3.0734084179116903,3.1654267203246587,1.111216517370027,1.320352118372785
2018-03-14,1.4365320419362981,1.649579843598365,2.0797094058328307,2.3128433519906437,0.4029044363329806,0.7739809558242393,0.826263904027849,1.2540112730818072,2.3792232789796954,2.6334194768830974,3.0724959690121922,3.1477042832973186,1.1118061357162996,1.3198582870592124
2018-03-15,1.4415835966474044,1.6686621477528063,2.060685596671076,2.282235378113057,0.3777006339119685,0.777634578555842,0.8265004744194953,1.2678384030874676,2.3543558262500484,2.6384232002282157,3.0827049816933267,3.144188446046703,1.1134883903699384,1.32175045646966
2018-03-16,1.4389360526960675,1.6498565654680275,2.0522802702349288,2.2796071771208046,0.38121374485416426,0.8098734747339579,0.7969882212730752,1.2649967988498767,2.3467133850385533,2.614306320333999,3.10027433145937,3.146309215113757,1.1134875472797503,1.3199202196472384
2018-03-19,1.4327465258842897,1.6472310524661775,2.072807696851184,2.2965855098613503,0.3575429825159675,0.8119115687773424,0.8126179257477335,1.254386352992192,2.3583615569855914,2.623933437093765,3.0680645271728966,3.131971725612087,1.1115259091480894,1.3151941342501772
2018-03-20,1.4040472565635786,1.6664525817384477,2.1095635846951466,2.2891592666091753,0.3848074502872887,0.8260426383278167,0.8173042868523355,1.2794935641911631,2.3852214417153843,2.647002509455991,3.0861402019239903,3.127433861845149,1.1129113150677303,1.3140733447314734
2018-03-21,1.4140797390271995,1.6776681251831467,2.109732096694477,2.2768887949300467,0.3856060465207074,0.8139090027234396,0.8158119643736246,1.2585721055362438,2.346034162881919,2.6712797114190536,3.0817796762980474,3.121265556837878,1.114121485479045,1.3154668229580189
2018-03-22,1.4121842300184018,1.651175298471522,2.143322484846504,2.2866544400523665,0.36508449526646247,0.8530394104110188,0.8204491083170203,1.23328452273493,2.3721097291612057,2.6585634778841833,3.0680589789165635,3.096555715477566,1.1182735497163143,1.3203844547432226
2018-03-23,1.4360459484652819,1.6644793721706763,2.1312722725476374,2.2314240906909584,0.3586517982259954,0.8080467860289648,0.8389719660750958,1.2851774309908413,2.389708502271005,2.652974193044548,3.0602526568138337,3.0927441104059583,1.1178343640265977,1.3224352227432092
2018-03-26,2.284344830040707,2.6313603410695223,2.8980408546985164,3.1947917841731788,1.2827334150671363,1.5567176879600604,1.8262258343522328,2.058297796639625,2.952631165376238,3.3679451706367463,3.6818417697027743,3.9879454686047326,1.118263195519967,1.3204780842334967
2018-03-27,2.246217432470098,2.639068071827415,2.89456438303818,3.167115858143093,1.2801086186538506,1.5356408050577786,1.8092211554064352,2.047428371177192,2.9232956359553364,3.366077743781941,3.717010416727095,3.951461906140667,1.1171309740339819,1.3200399935366993
2018-03-28,2.2442252198322006,2.6450816801278734,2.862799413910372,3.173012132220004,1.2990255956468424,1.5680368757212497,1.8325458183261587,2.032879964107815,2.9316237866552064,3.385251231906627,3.71996881058396,3.944707178664197,1.1141567935092949,1.3181381099800364
2018-03-29,2.278215965767134,2.669468057807246,2.8679588706112296,3.158287146403919,1.2701370369983913,1.5750864983461246,1.8238793414053143,2.030142064531763,2.9232561502867447,3.365802787896742,3.7311068853537375,3.9390482117819574,1.114308456158726,1.3177646068483198
2018-03-30,2.270547503308504,2.6717992566019535,2.8866138644735972,3.1359837932414982,1.2327855022933571,1.5698399586990153,1.8093699410535748,2.04579694418183,2.9259702995463264,3.3934701774929144,3.7148263967116635,3.926950316588024,1.1160110458165944,1.3159700072958884
2018-04-02,2.252750366088089,2.634723139171799,2.883648523994773,3.128907169763271,1.2395465213537307,1.544204800300405,1.778130024147875,2.0608662050831845,2.943134297028066,3.414015135083227,3.724653288581756,3.8857166418678686,1.1139859104357912,1.312681922757957
2018-04-03,2.2288785276429253,2.6073259447922155,2.882239421489644,3.0995390013213595,1.2360008640072375,1.5514873811584216,1.7782883242348466,2.071747360420169,2.9357165814844888,3.423296045528407,3.7411062320138844,3.9012381264787956,1.1126373256066606,1.3135710946544228
2018-04-04,2.207878191421418,2.6219490325007633,2.9100979678282304,3.099276526453474,1.239265364768991,1.5537680567444323,1.7573354503643304,2.0661753136009193,2.9389528075866624,3.4073253273221975,3.711345611249739,3.9149094964786872,1.1102875740951637,1.313962434183962
2018-04-05,2.2018743166854144,2.6167827058360107,2.885103696424222,3.0856290794408623,1.2481562954980645,1.5399086686825982,1.7469527903220554,2.0363738378447627,2.9484241189365235,3.4041311177519384,3.701087411001506,3.9279194836249394,1.1129705168636799,1.3136209172714541
2018-04-06,2.1782746748162505,2.639542287037892,2.8551519300556762,3.0780806987053406,1.2445353279498705,1.5100781256146387,1.7559385391584987,2.042032955036292,2.966141722754675,3.40715633690735,3.7169033846835955,3.9344162030546874,1.1117053886134518,1.314313387152998
2018-04-09,2.2082274571282023,2.6450110633965127,2.8420711471640736,3.0637379367779203,1.2605291226897284,1.4880229710999073,1.756603936774231,2.0724088988620415,3.0012458033822833,3.412424578173454,3.681725374299316,3.9092791909391416,1.1128658879534103,1.3183800181976069
2018-04-10,2.2025747524066945,2.630029748677602,2.8181386914426576,3.0819831947949696,1.2426690922906587,1.4922912269239745,1.776929681327925,2.093794471357684,3.0351357773820884,3.4103290005044014,3.6742473753867824,3.9117369865883616,1.1111370804569152,1.3186141475606545
2018-04-11,2.2047477198365892,2.6516778838720665,2.8450644769718494,3.0798061211580494,1.2439566441758996,1.498511442716653,1.78303242724331,2.0904293060787564,3.0399402432160505,3.405960245651108,3.686261324635118,3.8931846663185916,1.1112882521044747,1.317857324762472
2018-04-12,2.2335125102512645,2.6355299302414834,2.8512582593225395,3.0902963578112344,1.2273414039878978,1.4999743145929116,1.774954518272508,2.1064800579697693,3.035235875223175,3.409809358685247,3.652450108056492,3.9369350148373954,1.1100377546348725,1.319589670139561
2018-04-13,2.2635788806596024,2.5944772200759765,2.83397639723905,3.0998920647614576,1.2047432906193751,1.4969426123950127,1.7683604633786683,2.0987702179569285,3.0825034704470657,3.43772055818371,3.644517039677725,3.9265227267525007,1.1053428024836114,1.3163059562328319
2018-04-16,2.2593242213192513,2.6357531310972333,2.821686813969445,3.0837690456907323,1.2170522688053822,1.4615678731705402,1.7582129840018899,2.097667256610663,3.0952602126562474,3.3975629363003184,3.6456138035505368,3.939874408372272,1.105498576061727,1.3178132233909758
2018-04-17,2.265963705629021,2.5975381535447895,2.8789081577839,3.095168512659821,1.2284333316444862,1.462543276252853,1.7711404096751808,2.0729799582041872,3.1037722303775825,3.370125484328091,3.663421677799471,3.9088245832847623,1.1065541593376744,1.3162641012111884
2018-04-18,2.2806642373165684,2.6102664107243756,2.8667063568620326,3.102150682144665,1.189593730028584,1.441892577486025,1.7715697374899047,2.066671398778387,3.081854579743543,3.3392280174218114,3.637846948670849,3.88523206658044,1.1023865872163423,1.3146307050635542
2018-04-19,2.276807128109573,2.629043446103549,2.8514658635110064,3.1084236535082077,1.1671537451968164,1.44272837346949,1.7633513290440703,2.069482707922619,3.0973590541935945,3.325488465058056,3.660037156166151,3.8745024404326394,1.1020376835332286,1.314850620446312
2018-04-20,2.2412468710504028,2.631984763365581,2.857552006909584,3.100449787876118,1.1729934317971487,1.4520293853203288,1.7802497913308382,2.066101866762825,3.0818975550810683,3.2906832617933857,3.6661506561870967,3.8885528610538547,1.10117266424058,1.3181953202553334
2018-04-23,2.2543409851244647,2.598316826492819,2.8703170561030737,3.091912906061857,1.1943980726890073,1.4385138753038653,1.7821755115925932,2.081501129228636,3.0727870846607397,3.3017456583492044,3.690087575762926,3.8995057331401433,1.0990162048483938,1.3167043974819146
2018-04-24,2.2722280312208754,2.618617125202037,2.874750692874563,3.107623945692619,1.1810788662545708,1.4180524637718335,1.7728648049520468,2.119174611258804,3.0462182330955314,3.303660067525926,3.7133519828531987,3.905268941784606,1.0985135960656103,1.3186093668164944
2018-04-25,2.2805380835068356,2.5897862508692677,2.8565781755450956,3.151263137036593,1.177402663846989,1.4379246867391555,1.7426168583229629,2.145607364224859,3.0358990280003573,3.2985845222078423,3.7201677973262757,3.868189044478371,1.0946342755416492,1.3193650110971384
2018-04-26,2.2620671903725715,2.5629136795714587,2.8333944341438175,3.1346605938975873,1.1491357314045287,1.4449606304876454,1.7513662952289228,2.1395083093311946,3.037143096636443,3.2849536590132895,3.729882762653088,3.890816882397478,1.0951355021566471,1.3165831875815914
2018-04-27,2.258146644126412,2.555680313318159,2.845317245208783,3.145349558052067,1.199351959066604,1.4322281182590635,1.7561404678092731,2.124884648993694,3.0072932906884686,3.2880908135818876,3.6950938156440554,3.872293195075053,1.0975075667490197,1.3184156635069577
2018-04-30,2.2463312477491493,2.571450404800499,2.8442334414883326,3.138024507487206,1.208854382669364,1.372221795401526,1.7571670922146807,2.1118314558696842,2.9894899379117956,3.291655806783301,3.668091018315087,3.9046012677287814,1.0949842299103019,1.316763245202054
2018-05-01,2.240337023002593,2.5774526829151148,2.81140478208356,3.153721639473244,1.22674664481843,1.371239286324193,1.7484857708976893,2.092275476285575,2.9879439797908054,3.2982610662378633,3.6479847818669433,3.9419247493863594,1.0948533928179378,1.3138228744527607
2018-05-02,2.266274726857126,2.593668048630865,2.8348248019502416,3.162487905620207,1.239907062239164,1.3838220500399958,1.7318160586852624,2.092955743670418,2.962819209157817,3.2836807689558207,3.6410245993924533,3.9584483406820348,1.097704060673196,1.3122399744832034
2018-05-03,2.296866319524989,2.5847951720199243,2.8503313821604515,3.1836904166086044,1.2585719353863287,1.4062531879865101,1.7272820998999,2.1013781170347716,2.937907025603793,3.2966670332137844,3.6596893794369807,3.9782167523094203,1.0979488547875773,1.310785808042973
2018-05-04,2.3102546833931825,2.5813515062888053,2.8455122978383387,3.1277947213735127,1.2707335934425252,1.392696000890127,1.7319106214705897,2.1050389070465423,2.921359328043071,3.267295971185853,3.6240210846177248,3.9529908162276834,1.096911698188107,1.3119699104975688
2018-05-07,2.3212295857887493,2.558608770525501,2.840307019384801,3.115773067807184,1.2640298426046033,1.3798353855427108,1.7293536039957098,2.1089119071390523,2.8933607678267634,3.292284695740638,3.617621937720396,4.004611301623342,1.0950905513920928,1.310506131660355
2018-05-08,2.3347621655798667,2.5522714614610478,2.8449362151526514,3.096009363441887,1.2789101073151659,1.370977251009395,1.7264593724791437,2.1120759109944354,2.9055923899481564,3.2307502784433533,3.5911973125913015,4.008968363078004,1.0954462860088618,1.3134930794129582
2018-05-09,2.334517321847738,2.5641340244972457,2.831196030284846,3.0938496100152992,1.2804929060205934,1.3877356876726217,1.7170958609837872,2.1094348289797007,2.885824638332753,3.2188772426623826,3.5600432598747522,4.028964039066424,1.0951809721328587,1.313935477474075
2018-05-10,2.333004052617997,2.558137463417743,2.804229781081647,3.079372294394265,1.3064244272484176,1.3642413271451532,1.7238739599384898,2.0945877042497063,2.9011431824728504,3.194831402039398,3.589581399204103,4.0118005796036496,1.0964441193186087,1.3124983798586358
2018-05-11,2.319531148870475,2.5676466545140357,2.810680136214823,3.066552783243469,1.2917134704063666,1.361983789162178,1.7285464821981809,2.1290806221742757,2.919561460948833,3.2106262827568135,3.5915520501777185,4.010500498044095,1.0934035422318698,1.310829463962951
2018-05-14,2.318413799869474,2.556181169483045,2.781898404790558,3.080189979645302,1.2808882589594828,1.3434688983368321,1.7134982567534522,2.150031255316918,2.8957184063363886,3.1809232263165805,3.624255099956713,3.9867633632108346,1.0955576345398872,1.3112851670544206
2018-05-15,2.363612739601999,2.54433333762725,2.7897129408563393,3.118228542533299,1.2941113432474942,1.3488398681391427,1.7287035444335783,2.1318661382668544,2.8965338266773735,3.217360098774698,3.6479375634424223,3.9819662248564973,1.0947504701094661,1.3072259076259458
2018-05-16,2.3809935261870754,2.545116710621802,2.7608887914793208,3.061751931206071,1.3197042519343587,1.3177461743575365,1.7445306793569195,2.113761306905026,2.8870051156851595,3.1864683758453616,3.6295096392719524,3.982275609864028,1.0960356516366534,1.302872423228643
2018-05-17,2.3741511857185382,2.541219080565636,2.7589046068734646,3.0555429310739357,1.3226074785599238,1.3252693783255924,1.7608025903327977,2.1020359003895255,2.8643640865462148,3.227037574359162,3.5924159818761394,3.9873919213277595,1.0945907551531722,1.3011028181705349
2018-05-18,2.364712652675868,2.553066785417665,2.756191716102361,3.061784006911987,1.3083569236145045,1.3153364400621221,1.7581896693863241,2.102696475199456,2.8577009102525457,3.2359977070020425,3.633817733235923,4.015308859986798,1.0919948009886398,1.3023621453124425
2018-05-21,2.347422852844153,2.556632590249784,2.791844301295182,3.0618786689030637,1.3059778061722807,1.310855673946063,1.7543064430958821,2.127877396576261,2.8528978422964504,3.23661209026471,3.6257172682737893,4.024925655905176,1.0908607666826273,1.302720468515765
2018-05-22,2.3549102598389045,2.591439516157641,2.7705566351035036,3.054975967198066,1.2960133245910095,1.3213707582883412,1.7311230256189203,2.148174331156023,2.867061642989278,3.245327812968334,3.6028263087808727,4.02980026164515,1.0889520271806745,1.3027639322824658
2018-05-23,2.362741173708956,2.587049626067421,2.742257718728357,3.027906616119924,1.3339500761923657,1.344247027839255,1.7462162302750774,2.1695293382768277,2.887494103321699,3.2891793858757956,3.6166497114836336,4.030571109546491,1.0882026820304995,1.3023360898915899
2018-05-24,2.333878740568937,2.5825045730722946,2.7293341726129006,3.009053168987071,1.3519242591852467,1.3103072878187827,1.7035003720365842,2.1912860231607976,2.8655745340736622,3.307040986915457,3.619379589721277,4.070779150955625,1.0894984578205082,1.2979809309494943
2018-05-25,2.3436054445137713,2.561701951796591,2.706859524083819,3.0235528084511603,1.3772131191973522,1.3303783892423737,1.6956811904820033,2.2134140699407783,2.8574857806894056,3.262373370442805,3.6059515959889774,4.059197808718286,1.0916560072084553,1.2973305423967612
2018-05-28,2.3322159991034015,2.562157511144975,2.6950642747621743,3.0450680576572897,1.3832440140586995,1.34154150930149,1.6888843821680328,2.228147861697363,2.8680581743937057,3.2862578616147666,3.599033188621308,4.082961927378256,1.0920631927024247,1.293780339167318
2018-05-29,2.360750422236378,2.5758140899184188,2.703480294337667,3.0470015493205755,1.3721415534735937,1.3356476713757668,1.7060087563299158,2.2372379343508673,2.891534389782353,3.290893395500825,3.6022596978357644,4.04373656997015,1.0909821639769002,1.295450388566813
2018-05-30,2.3638873019104616,2.5610081770902915,2.718919842917714,3.030278101919618,1.3956068263644288,1.3637276616332685,1.7059964927578508,2.2348568498627714,2.842852608358878,3.258552943579546,3.6037387523626863,4.026180667854973,1.0900795151446907,1.2954328929939578
2018-05-31,2.3982419029036666,2.560014731835099,2.7521110684370553,3.0321923213109483,1.428685817036425,1.3675006661527853,1.6867071095631037,2.1999814856646114,2.8683458516866587,3.2737625990203516,3.6188489771247214,4.034390680031338,1.091263975067753,1.2952531606449578
2018-06-01,2.3890793670459463,2.5743858670386954,2.73737758500546,3.027391525750495,1.4403250029728174,1.3933694022344945,1.6581718002598917,2.197397042413807,2.864998600995056,3.249540447185185,3.61177967694793,4.03116978403157,1.0935364808719632,1.2960508362281689
2018-06-04,2.3833196897155307,2.571847684058482,2.7901483610454703,3.038303618151832,1.4398399565959188,1.3815136097785696,1.643589126488158,2.2334365969902095,2.895562293322855,3.253164309190888,3.6049166362109584,4.091316483834598,1.0928903378840658,1.296696417359357
2018-06-05,2.3893158567609287,2.5614649380355172,2.829792067655161,3.040669600505527,1.4614594321998164,1.3641792144854568,1.6457213107405484,2.222637270256073,2.887112362727634,3.2578291679129654,3.616929256378458,4.1429056025022595,1.0926393033434794,1.2971612589531993
2018-06-06,2.4104348227442194,2.5809268010511213,2.825721531654156,3.028233810189574,1.4540371351757686,1.3886723567474528,1.6468222454209838,2.2101234032603947,2.87054032556551,3.2448612096135014,3.6231881680789204,4.112522842307258,1.0911360742839342,1.2978570932962428
2018-06-07,2.4217524725167676,2.5828671923622464,2.7798931320722597,3.0320472714951547,1.4693279469199563,1.431957798014348,1.6428697278195485,2.2304717137576966,2.8714375743703338,3.2578125138396556,3.6450733256563406,4.091106308594748,1.0915497244725534,1.296678922837201
2018-06-08,2.397081993642216,2.5907984824771044,2.7782308859545672,3.008459177821301,1.4550962625938788,1.4446335032212323,1.629183144017496,2.232084210279196,2.894769157487975,3.237380477274686,3.6400751736075994,4.088265397164792,1.0934634248767845,1.294008069541054
2018-06-11,2.4007400076745116,2.6142263514813147,2.779681039627268,3.0248594161984523,1.435688944814572,1.4624571984508474,1.6249805306555116,2.2224831501800186,2.895381350391475,3.241204120860622,3.6381084919947266,4.123070447288994,1.0876519629011767,1.2946909624114844
2018-06-12,2.4011849024453227,2.637132669850707,2.733696062069084,3.0485061207350457,1.4470178424127396,1.4529792322143291,1.6449357894947956,2.25363641297833,2.848342831316739,3.2302578172659917,3.614988571058548,4.145805859223731,1.088162908223815,1.2975835516043825
2018-06-13,2.392603530574203,2.6301885862012266,2.7351726992205827,3.024936039358594,1.4537764465812202,1.4264758800593649,1.6229272203180236,2.2661195299358896,2.8619955650817523,3.2266045047525966,3.6449726843254844,4.1523534315787005,1.0870615152731142,1.2996065363510365
2018-06-14,2.3796414247163558,2.6196799918117684,2.7311696139640484,3.033356978657648,1.4918625740680596,1.4219564989261642,1.6236000866045575,2.2812710886287206,2.8298756225969317,3.2650623226838884,3.617097152728961,4.124066262789036,1.082405747680656,1.2991781311964792
2018-06-15,2.4145929695033286,2.625366170478411,2.7154553882750547,3.0135317334895286,1.4862604327784346,1.4519628748094882,1.6559714709948787,2.2699795804578637,2.810348079555258,3.2673032115411313,3.621138301724321,4.107182331870454,1.0830330657947507,1.3004024535244452
